disbursement_description,total,percent
MEALS,418.88,55.435271697414045
TRAVEL,336.74,44.564728302585955
